date,open,high,low,close,volume,vwap,transactions,value,cumulative return,volatility,sharpe,10 day avg,100 day avg,beta
2023-01-03,75.85,75.97,73.77,74.03,9276191,74.5,114565,10000.134999999998,0.0,0.0,0.0,74.5,74.5,0.0
2023-01-04,74.99,76.61,74.47,76.32,12316386,75.79,129761,10173.2917,0.017315436241610877,0.9121677477306457,-3.045163575351705,75.14500000000001,75.14500000000001,-0.5810032962701847
2023-01-05,76.0,76.44,75.34,75.73,10039194,76.0,101217,10201.48,0.020134228187919583,0.8122191822408491,-3.1613387816277356,75.43,75.43,-0.16187517959915956
2023-01-06,76.5,78.74,76.15,78.07,13744129,77.68,124998,10426.9864,0.04268456375838941,1.3059192164908195,-0.6797510816827971,75.9925,75.9925,0.03550434443395148
2023-01-09,80.56,81.22,80.06,80.31,22247607,80.68,180559,10829.6764,0.0829530201342284,2.381931988953504,0.8868011386538555,76.93,76.93,-0.06832181309168826
2023-01-10,80.51,81.58,80.46,81.27,10269011,81.04,120932,10877.9992,0.08778523489932906,2.711868359636949,0.9116592961507132,77.61500000000001,77.61500000000001,-0.1405094282869139
2023-01-11,81.57,81.89,80.62,81.78,11771417,81.28,115785,10910.214399999999,0.09100671140939603,2.8367964829564833,0.9561137065332461,78.13857142857144,78.13857142857144,-0.050297959900767644
2023-01-12,84.96,88.83,84.42,87.0,36086750,86.77,318027,11647.137099999998,0.1646979865771812,4.02622386007392,2.0372190630874165,79.2175,79.2175,0.12229542846134604
2023-01-13,85.41,87.1,84.9,86.8,18719894,86.28,178672,11581.364399999999,0.15812080536912757,4.441426510080338,1.7364466084254757,80.00222222222222,80.00222222222222,0.12747017278880984
2023-01-17,86.22,89.73,86.16,88.99,21849956,88.7,213862,11906.201,0.19060402684563768,5.009949655990119,2.022435492517449,80.872,80.872,0.10533776904130375
2023-01-18,90.48,91.22,89.36,89.47,19209828,90.17,188665,12103.5191,0.2103355704697988,5.518059606254879,2.102605051030703,82.439,81.71727272727273,0.0873922931809316
2023-01-19,89.03,90.01,88.26,88.4,13651099,89.02,127737,11949.154599999998,0.1948993288590604,5.667895967373574,1.8441234737135521,83.76200000000001,82.32583333333334,0.05467588344974661
2023-01-20,90.0,91.03,89.2,91.03,14287246,90.49,126132,12146.472699999998,0.21463087248322152,5.8800645382817756,2.0275797863068736,85.211,82.95384615384616,0.02339136156100637
2023-01-23,91.76,95.73,91.72,95.66,22875100,94.64,211596,12703.527199999999,0.2703355704697987,6.455250525011343,2.4898026711320775,86.907,83.78857142857143,0.024198249754054758
2023-01-24,98.0,106.43,91.55,94.56,11352879,94.35,125788,12664.600499999999,0.2664429530201343,6.7919116461806,2.323690416213687,88.274,84.49266666666668,0.026745554844892765
2023-01-25,92.68,93.0,91.12,92.41,14142720,92.26,155821,12384.059799999999,0.23838926174496655,6.842911874097644,2.000946417537426,89.39599999999999,84.978125,0.044365380118389475
2023-01-26,93.89,94.28,92.64,93.45,15759412,93.32,137391,12526.343599999998,0.25261744966442956,6.927640184753509,2.1294841542820238,90.6,85.46882352941176,0.06933266903034338
2023-01-27,92.82,94.12,92.24,93.3,13646559,93.32,138661,12526.343599999998,0.25261744966442956,6.970912886458136,2.116265149240089,91.255,85.905,0.08454189979705466
2023-01-30,92.85,94.25,92.58,93.13,14079798,93.48,149678,12547.820399999999,0.254765100671141,6.993855406733275,2.1322002147261006,91.975,86.30368421052631,0.10557914804452508
2023-01-31,91.0,92.76,90.0,92.73,13342098,91.62,146184,12298.1526,0.22979865771812094,6.910336632062213,1.8888081283103677,92.267,86.5695,0.12222693803718088
2023-02-01,93.0,95.77,92.57,94.74,16788486,94.16,162240,12639.0968,0.2638926174496646,6.936044913898621,2.248010241219135,92.66600000000001,86.93095238095238,0.1407101198245486
2023-02-02,96.6,97.5,95.84,96.65,14925277,96.74,165602,12985.410199999998,0.29852348993288597,7.084585135122339,2.5650478684926106,93.438,87.37681818181818,0.15345961967754923
2023-02-03,95.04,96.95,94.31,94.66,12242178,95.38,142388,12802.857399999999,0.280268456375839,7.120024176136944,2.3612700721364277,93.92699999999999,87.72478260869566,0.1657813460433364
2023-02-06,91.8,92.05,90.74,91.83,12425241,91.66,139340,12303.521799999999,0.23033557046979872,7.009698444484511,1.8677408313194266,93.62899999999999,87.88875,0.17001777613579053
2023-02-07,91.78,94.7,91.68,94.55,15258858,93.57,155452,12559.901099999997,0.255973154362416,6.955545149974458,2.1568834184125842,93.551,88.116,0.18034858239559887
2023-02-08,95.02,95.94,94.23,94.28,12899724,94.97,130282,12747.8231,0.2747651006711411,6.946311528153176,2.3612963417379143,93.822,88.37961538461538,0.1949152716576157
2023-02-09,96.0,98.56,95.62,96.69,16945355,97.11,162382,13035.075299999999,0.3034899328859061,7.015580909559476,2.643017055755729,94.201,88.70296296296296,0.21395162856499977
2023-02-10,95.95,96.5,94.25,95.37,11511442,95.37,121252,12801.5151,0.2801342281879197,6.998782084146893,2.4007462724206388,94.406,88.94107142857142,0.2291043683942572
2023-02-13,95.47,96.39,94.91,96.11,7803456,95.75,86489,12852.5225,0.2852348993288592,6.988006315538769,2.458827199653905,94.63300000000001,89.17586206896551,0.24355992129065965
2023-02-14,95.82,98.99,95.22,97.96,15345050,97.4,150660,13074.002,0.3073825503355707,7.028720391709109,2.679335490740829,95.211,89.45,0.2518744167190218
2023-02-15,92.33,93.68,90.77,92.76,30681635,92.25,299067,12382.717499999999,0.23825503355704705,6.928856319225632,1.9746837529355954,95.02000000000001,89.54032258064517,0.2567089844157375
2023-02-16,90.98,91.79,89.88,90.82,15563296,91.05,150146,12221.641499999998,0.22214765100671138,6.821407006504374,1.8298717534517164,94.451,89.5875,0.2594957874410694
2023-02-17,89.97,90.3,88.94,90.1,11235272,89.8,110595,12053.854,0.20536912751677866,6.714078464034509,1.672947383645927,93.893,89.5939393939394,0.2599588354043106
2023-02-21,88.38,89.42,87.48,87.64,14007605,88.13,121670,11829.689899999998,0.18295302013422812,6.616332577313388,1.4452568531376377,93.53999999999999,89.55088235294117,0.25671903806117746
2023-02-22,87.75,88.09,86.66,86.83,10085594,87.22,98937,11707.540599999998,0.17073825503355708,6.530203710773621,1.3249663231371034,92.905,89.4842857142857,0.2506985245740881
2023-02-23,90.3,91.99,89.46,90.08,15468324,90.43,143273,12138.4189,0.21382550335570494,6.438168747819267,1.8424959743433247,92.451,89.51055555555556,0.25269079441228137
2023-02-24,88.09,88.14,87.24,88.11,8790118,87.78,98353,11782.7094,0.17825503355704714,6.354492003191011,1.4497303632412937,91.518,89.46378378378378,0.24847678213724106
2023-02-27,88.7,88.85,87.24,87.3,10609435,87.71,108758,11773.313299999998,0.17731543624161072,6.274485629487996,1.4570596762600294,90.752,89.41763157894736,0.24376037790983685
2023-02-28,87.14,88.14,86.9,87.07,7520449,87.57,87351,11754.521099999998,0.17543624161073826,6.198441012476854,1.4523490635595695,89.934,89.37025641025642,0.23936916488510201
2023-03-01,89.04,90.04,88.26,88.42,8176749,88.9,93418,11933.047,0.1932885906040271,6.118909551755443,1.688585182148311,89.084,89.3585,0.23845440957759897
2023-03-02,87.64,89.34,87.12,89.03,9776757,88.39,83301,11864.589699999999,0.18644295302013428,6.043832030240085,1.6251775282394485,88.69800000000001,89.33487804878048,0.2367609906844141
2023-03-03,88.67,89.85,87.88,89.79,10844048,89.09,101851,11958.5507,0.1958389261744968,5.969791355394702,1.7625909137496651,88.502,89.32904761904763,0.23637166005885227
2023-03-06,90.08,91.33,89.5,89.58,9959998,90.32,115265,12123.653599999998,0.21234899328859058,5.900229841422852,1.9918376598640932,88.554,89.3520930232558,0.23716491915113713
2023-03-07,89.95,90.24,88.3,88.85,8761066,89.0,98703,11946.47,0.1946308724832216,5.831460512810961,1.7889686429465808,88.64099999999999,89.34409090909091,0.2367757273302888
2023-03-08,88.34,90.84,88.14,90.83,8813034,90.18,91966,12104.8614,0.21046979865771828,5.766159664172262,2.013870700139025,88.93700000000001,89.36266666666667,0.2382135001052718
2023-03-09,89.7,90.69,88.57,88.88,10354665,89.51,103734,12014.9273,0.20147651006711423,5.701772658505008,1.9191049267244975,88.845,89.3658695652174,0.23854693817657857
2023-03-10,88.03,89.17,87.2,87.25,11928804,87.87,129836,11794.7901,0.17946308724832236,5.64367582172811,1.648269725944608,88.85400000000001,89.33404255319148,0.2344484895972755
2023-03-13,86.38,89.0,86.31,87.74,11847587,87.94,121684,11804.186199999998,0.1804026845637584,5.586938414826473,1.6775377324954972,88.877,89.305,0.23126664839409303
2023-03-14,88.03,89.62,87.71,89.29,11100110,88.86,117018,11927.6778,0.19275167785234915,5.528800321335288,1.8615792580322836,89.006,89.29591836734694,0.23036431279890396
2023-03-15,87.2,87.24,85.44,86.7,12171472,86.22,150647,11573.310599999999,0.15731543624161082,5.48935599360159,1.3940250930928035,88.738,89.23440000000001,0.22465647397838479
2023-03-16,85.95,89.47,85.82,89.3,13188257,88.12,144003,11828.3476,0.18281879194630882,5.436425238384956,1.7570921296873703,88.711,89.21254901960785,0.22216451794272188
2023-03-17,89.06,90.03,89.0,89.47,13257742,89.52,116577,12016.269599999998,0.20161073825503353,5.383031941280356,2.0345968813618027,88.75399999999999,89.21846153846153,0.2228656483868981
2023-03-20,89.21,90.37,88.66,90.04,8217489,89.64,94396,12032.377199999999,0.2032214765100672,5.331335196574046,2.076834337318563,88.686,89.22641509433963,0.22376074580942973
2023-03-21,91.0,93.0,90.8,92.5,12299684,92.03,146715,12353.186899999999,0.23530201342281887,5.294563872858037,2.5426645750772585,88.989,89.27833333333332,0.22938460512011577
2023-03-22,93.5,95.03,92.54,92.62,12812373,94.01,143841,12618.9623,0.2618791946308726,5.283971487445272,2.9224798121433717,89.372,89.36436363636363,0.23834210904381503
2023-03-23,94.49,95.82,93.43,94.59,11169698,94.73,118629,12715.607899999999,0.2715436241610739,5.284583234989529,3.0583868739143836,89.89399999999999,89.46017857142859,0.24704563735490812
2023-03-24,93.95,94.18,92.09,92.79,7655139,92.85,97541,12463.255499999997,0.24630872483221472,5.256398130208372,2.717126756042318,90.392,89.51964912280701,0.25353281668648847
2023-03-27,92.04,92.18,90.55,90.66,9349773,91.13,109679,12232.379899999998,0.22322147651006713,5.214374383541727,2.4091672511376854,90.711,89.54741379310344,0.2575009114680687
2023-03-28,90.66,90.87,89.92,90.81,7514666,90.5,87257,12147.814999999999,0.214765100671141,5.170714871776751,2.3076693060624778,90.875,89.5635593220339,0.260170273003477
2023-03-29,91.76,93.22,91.45,92.76,9264041,92.67,105735,12439.094099999998,0.24389261744966448,5.142369850916574,2.7423737321201034,91.52,89.61533333333334,0.2701266898568163
2023-03-30,93.35,93.52,92.03,92.47,10232790,92.73,116874,12447.1479,0.2446979865771814,5.114906656947862,2.768828631655,91.981,89.66639344262295,0.280918994333438
2023-03-31,91.24,93.26,91.13,93.02,8701770,92.67,98271,12439.094099999998,0.24389261744966448,5.087129933190763,2.772152507446317,92.296,89.71483870967741,0.2913498297806402
2023-04-03,93.01,93.6,91.71,92.84,6863562,92.67,82675,12439.094099999998,0.24389261744966448,5.059654947970687,2.7872058757002987,92.599,89.76174603174603,0.30022719559000915
2023-04-04,93.04,93.28,91.72,92.17,6338442,92.45,71992,12409.5635,0.24093959731543646,5.0305739834709255,2.759585694517842,92.641,89.80375,0.3066042125901592
2023-04-05,91.6,92.18,89.04,90.2,9171762,90.13,104765,12098.149899999999,0.20979865771812084,4.991281933184941,2.3164990787491098,92.25300000000001,89.80876923076923,0.30789273789108007
2023-04-06,89.66,90.91,89.4,90.24,5874515,90.34,70214,12126.3382,0.21261744966442975,4.953170285193697,2.3767202260722677,91.814,89.81681818181818,0.3104558432290112
2023-04-10,88.42,89.03,86.47,89.02,12232876,87.94,128562,11804.186199999998,0.1804026845637584,4.920847895153485,1.9046107905978387,91.32300000000001,89.78880597014926,0.2988769448810273
2023-04-11,88.64,89.84,88.46,89.24,11079168,89.21,108103,11974.6583,0.1974496644295303,4.884491440121637,2.1787938684021877,91.131,89.78029411764706,0.2957550156241344
2023-04-12,88.91,89.5,86.86,86.87,11299106,87.77,127837,11781.367099999998,0.17812080536912747,4.854479294858653,1.8956307033271478,90.858,89.75115942028985,0.28410747751093146
2023-04-13,86.56,87.62,85.97,87.05,7910506,87.01,97132,11679.3523,0.16791946308724856,4.830297677387374,1.7477804814228974,90.292,89.712,0.2665201741779395
2023-04-14,87.95,88.37,86.54,87.2,7656385,87.34,95302,11723.6482,0.17234899328859077,4.803926458273371,1.8260687535905669,89.753,89.67859154929577,0.25113009751173576
2023-04-17,87.75,88.05,87.16,87.99,8163582,87.63,94432,11762.574899999998,0.176241610738255,4.7760819858297765,1.89743392740892,89.249,89.65013888888889,0.23861278840351846
2023-04-18,88.2,88.4,87.5,88.14,8468232,87.96,92822,11806.870799999999,0.18067114093959738,4.746922302611652,1.9786083279333553,88.77799999999999,89.62698630136987,0.2289910885342963
2023-04-19,86.23,87.38,86.04,87.23,11191264,86.88,121870,11661.902399999999,0.1661744966442954,4.725099837531369,1.7591797603884625,88.22099999999999,89.58986486486486,0.21383357726817856
2023-04-20,88.32,91.88,88.1,89.29,19206258,90.03,197635,12084.7269,0.20845637583892634,4.69334006961023,2.4422479151296437,88.21099999999998,89.59573333333334,0.21632032634973927
2023-04-21,87.78,87.91,85.28,85.37,13175396,86.09,151425,11555.8607,0.15557046979865782,4.679257901502318,1.6075839712927336,87.786,89.5496052631579,0.19382141936017785
2023-04-24,85.4,85.96,83.99,84.64,10567552,84.6,119534,11355.857999999998,0.13557046979865772,4.682469429583959,1.2882732264919383,87.452,89.48532467532468,0.15922263017941896
2023-04-25,83.27,83.4,82.26,82.29,13423692,82.64,135033,11092.767199999998,0.10926174496644298,4.716091873656884,0.8634903876124687,86.79499999999999,89.3975641025641,0.11148356062982119
2023-04-26,82.24,82.38,81.21,82.25,11583318,81.92,117182,10996.121599999999,0.09959731543624165,4.76068761244949,0.7041629850346679,86.21,89.30291139240506,0.057786230969006376
2023-04-27,82.9,83.86,82.16,83.67,10013661,83.2,101338,11167.936,0.11677852348993303,4.779417088484341,0.969218612696765,85.829,89.226625,0.01509384355228875
2023-04-28,84.48,84.51,83.72,84.3,8262599,84.15,94510,11295.4545,0.12953020134228205,4.782830406519846,1.1671540752083411,85.51,89.16395061728394,-0.0163499334123367
2023-05-01,84.3,84.69,83.9,83.98,4931139,84.19,67705,11300.823699999999,0.13006711409395982,4.784847238780382,1.175021838614241,85.16600000000001,89.10329268292683,-0.04425592566513567
2023-05-02,83.5,84.05,82.55,82.96,6874978,83.13,86091,11158.539899999998,0.11583892617449662,4.8005667274899615,0.950366958524801,84.683,89.03132530120483,-0.07592457524416152
2023-05-03,82.62,83.76,82.44,82.7,7151630,82.92,98456,11130.3516,0.11302013422818809,4.817925650438129,0.9033555757765214,84.287,88.95857142857143,-0.10636545742113845
2023-05-04,83.0,83.76,82.64,83.49,7290557,83.17,90999,11163.909099999999,0.11637583892617456,4.83014243748427,0.9528290437739265,83.601,88.89047058823529,-0.1326977385265644
2023-05-05,84.3,85.57,83.74,84.97,6865003,84.69,82046,11367.938699999999,0.13677852348993294,4.822962199475018,1.2694065901379883,83.461,88.84162790697674,-0.15171337886520875
2023-05-08,84.5,85.54,84.41,85.54,6746640,85.13,72837,11426.999899999999,0.14268456375838934,4.811323618705493,1.3639282077154502,83.514,88.79896551724138,-0.1694245469460394
2023-05-09,85.25,85.48,84.3,85.06,7287804,84.75,85406,11375.992499999998,0.1375838926174497,4.8030254256342815,1.2871678686113899,83.725,88.75295454545454,-0.18778742351535457
2023-05-10,84.51,85.14,84.17,84.9,7442294,84.74,96977,11374.650199999998,0.13744966442953022,4.794564268738961,1.2873536893110407,84.007,88.70786516853933,-0.20810248062678888
2023-05-11,84.14,84.14,82.52,83.43,8730884,83.16,113596,11162.566799999999,0.11624161073825508,4.803284591965238,0.9560749341568957,84.003,88.64622222222222,-0.23512185764304006
2023-05-12,83.38,83.93,82.94,83.43,5069826,83.38,65110,11192.097399999999,0.11919463087248328,4.808321089235995,1.0008275052123514,83.926,88.58835164835165,-0.260307563353889
2023-05-15,83.33,85.67,83.22,85.66,8707286,84.88,101150,11393.442399999998,0.13932885906040268,4.7974329763868475,1.3157661672543168,83.99499999999999,88.54804347826087,-0.27623405109824517
2023-05-16,85.69,86.75,85.59,85.88,11286533,86.19,109549,11569.283699999998,0.15691275167785235,4.777550113446111,1.5954411401248332,84.301,88.52268817204302,-0.28713728835924013
2023-05-17,88.3,91.8,88.06,90.88,23174624,90.34,229104,12126.3382,0.21261744966442975,4.755490449879719,2.4755175357985966,85.04299999999999,88.54202127659575,-0.27850422451644186
2023-05-18,91.25,93.4,91.07,92.65,14879044,92.39,157687,12401.509699999999,0.24013422818791952,4.7465745696846104,2.912057905564185,85.965,88.58252631578948,-0.25888746882252256
2023-05-19,92.13,92.78,91.56,92.58,9295245,92.24,108162,12381.375199999999,0.23812080536912758,4.736259864069954,2.8867292742360493,86.72,88.620625,-0.23831182935267298
2023-05-22,92.07,92.44,91.2,91.72,9259822,91.72,102533,12311.575599999998,0.23114093959731546,4.722025138987527,2.7853091868164084,87.37899999999999,88.65257731958762,-0.21942985607104998
2023-05-23,91.0,91.34,90.33,90.44,7656686,90.75,90151,12181.3725,0.21812080536912767,4.702397225850049,2.590657363659407,87.979,88.67397959183673,-0.20639081160140393
2023-05-24,89.28,90.15,89.18,90.13,9443880,90.59,111957,12159.8957,0.2159731543624162,4.682305380202077,2.567602713576349,88.564,88.69333333333333,-0.194479218913813
2023-05-25,97.06,102.37,96.98,100.95,60740566,100.01,592119,13424.3423,0.34241610738255057,4.794079550588797,4.472662535891067,90.249,88.8065,-0.11704934624193712
2023-05-26,100.85,104.44,100.73,103.21,26135846,103.17,258397,13848.5091,0.3848322147651008,4.979562362972535,4.940655062970979,92.228,89.0932,-0.02689125640933014
2023-05-30,103.79,105.24,101.52,101.98,25247959,103.07,253235,13835.086099999999,0.3834899328859061,5.1483534573380885,4.759249768501458,94.047,89.36599999999999,0.039442561775854416
2023-05-31,99.73,99.98,98.06,98.59,22206683,98.85,219200,13268.635499999999,0.3268456375838927,5.212586211870377,3.8910243736232233,95.313,89.59449999999998,0.07860580526980697
2023-06-01,98.68,100.59,98.6,98.84,14998514,99.45,155003,13349.173499999999,0.3348993288590605,5.2840360905889625,3.9519601384237375,96.224,89.81220000000002,0.11497580972499724
2023-06-02,101.25,101.3,98.62,98.94,13085123,99.42,127801,13345.1466,0.33449664429530224,5.35085695782929,3.8970019502183173,96.92699999999999,89.99960000000002,0.15043973403368194
2023-06-05,98.01,98.81,94.25,98.05,11873799,98.07,133495,13163.936099999999,0.3163758389261746,5.3918323942639965,3.6170078322069426,97.51,90.1699,0.17832881101225323
2023-06-06,97.61,100.6,97.42,99.82,13827603,99.44,140555,13347.831199999999,0.334765100671141,5.452392082528429,3.8280996091390596,98.28200000000001,90.35150000000002,0.2097478398282347
2023-06-07,101.38,103.02,99.54,100.29,14367514,100.98,163930,13554.545399999999,0.3554362416107384,5.537136730980194,4.0476334771730516,99.30499999999999,90.4936,0.243867173624854
2023-06-08,98.99,100.7,98.62,99.94,9081050,99.75,102744,13389.4425,0.3389261744966444,5.595562815713954,3.785553070821397,100.221,90.6283,0.2734876443412226
2023-06-09,102.7,104.68,102.25,102.8,14906100,103.28,163581,13863.274399999998,0.38630872483221484,5.717257810558624,4.322404344677501,100.548,90.7741,0.30467930066952054
2023-06-12,104.34,107.39,104.31,107.06,20530756,106.54,220441,14300.8642,0.43006711409396,5.906962975764409,4.7354791480439475,100.885,90.93780000000001,0.3272898632148653
2023-06-13,110.0,110.69,106.74,106.8,17858602,108.02,201690,14499.524599999999,0.44993288590604036,6.121227127727553,4.811502560751058,101.38,91.12780000000001,0.3436205716940254
2023-06-14,106.03,107.7,105.22,107.41,12862629,106.68,168188,14319.6564,0.4319463087248324,6.288305290209942,4.470568571752886,102.163,91.28970000000001,0.35902816376177027
2023-06-15,106.27,106.66,105.07,105.18,11987940,105.72,143377,14190.7956,0.41906040268456396,6.424196925713812,4.226567198044447,102.79,91.4005,0.37173081429377325
2023-06-16,105.43,105.75,104.35,104.57,11430776,104.81,123486,14068.646299999999,0.4068456375838927,6.534331922159671,4.016064735096376,103.329,91.5051,0.3813651122544838
2023-06-20,104.18,104.88,103.07,103.98,9302357,103.95,114764,13953.208499999999,0.3953020134228189,6.623051744875036,3.8324175890126444,103.917,91.62200000000001,0.3898238069389263
2023-06-21,103.15,103.73,101.62,101.64,9340383,102.31,111990,13733.0713,0.373288590604027,6.681139640331159,3.553630260424127,104.204,91.7119,0.3985861303844208
2023-06-22,101.42,103.42,101.33,103.13,8581952,102.92,88480,13814.951599999999,0.38147651006711414,6.74536829840262,3.610225405448486,104.398,91.80789999999999,0.40410986988663494
2023-06-23,101.52,102.19,101.0,101.91,8919044,101.54,99056,13629.7142,0.3629530201342284,6.787076569527728,3.3847120722255952,104.577,91.88850000000001,0.4103812195376247
2023-06-26,102.02,103.04,100.09,100.11,8560047,101.27,98465,13593.472099999999,0.3593288590604028,6.823254354997846,3.3271953262846137,104.376,91.985,0.41652296750121803
2023-06-27,101.15,102.79,100.02,102.08,9732036,101.51,104990,13625.6873,0.36255033557046995,6.860572778053963,3.3440793855272934,103.873,92.05850000000001,0.4208437294505636
2023-06-28,100.5,101.88,100.22,100.92,8160885,100.95,106702,13550.5185,0.3550335570469801,6.889317827528986,3.2488412583554607,103.16600000000001,92.1006,0.42354052636605827
2023-06-29,101.34,101.52,100.02,100.64,7383942,100.7,99217,13516.961,0.35167785234899346,6.913746243907842,3.2012022453821185,102.56800000000001,92.15379999999999,0.4245016223830984
2023-06-30,101.4,101.89,100.4,100.92,11704648,101.13,122818,13574.6799,0.35744966442953036,6.941648246843141,3.2502799331931933,102.109,92.2485,0.42716306408746924
2023-07-03,102.25,103.68,102.07,103.15,5638381,102.83,89508,13802.870899999998,0.38026845637583895,6.988718316202596,3.471637988864197,101.911,92.34110000000001,0.4300562551505941
2023-07-05,101.4,103.09,100.96,100.99,8966765,101.75,118680,13657.902499999998,0.36577181208053694,7.020392688333932,3.302137220688939,101.691,92.40889999999999,0.4343943300334014
2023-07-06,99.1,99.56,98.6,99.41,9143570,99.2,126743,13315.616,0.331543624161074,7.025116388179374,2.9369335481354266,101.38000000000001,92.4298,0.438698740326335
2023-07-07,99.08,101.94,99.0,100.23,8036622,100.63,106892,13507.564899999998,0.35073825503355704,7.042401636570965,3.132780710124675,101.15100000000001,92.4824,0.44108962461493606
2023-07-10,100.25,100.75,99.4,99.77,8041648,99.92,107395,13412.2616,0.3412080536912754,7.052003787065811,3.027834448864387,100.989,92.5241,0.44486414641672956
2023-07-11,102.33,102.33,100.14,101.26,7684553,100.94,97738,13549.176199999998,0.35489932885906045,7.070494220432443,3.1641776801610395,100.95599999999999,92.55950000000001,0.4500087152644418
2023-07-12,102.83,104.42,102.76,103.9,10202026,103.8,135393,13933.073999999999,0.39328859060402693,7.120316357186932,3.543704904983835,101.185,92.675,0.4563466080382513
2023-07-13,105.0,105.64,102.52,105.57,9265863,104.85,119016,14074.015499999998,0.40738255033557047,7.181633301818944,3.6596549692036273,101.575,92.81300000000002,0.4631782053718371
2023-07-14,106.0,107.3,104.86,105.14,9518336,106.03,132589,14232.4069,0.42322147651006736,7.256623982734262,3.7844457788278976,102.108,92.97529999999999,0.469095141663691
2023-07-17,104.68,105.02,102.59,104.79,10700126,103.97,160017,13955.8931,0.3955704697986579,7.301212759155877,3.479189120758731,102.39200000000001,93.1337,0.4750622058320385
2023-07-18,103.69,103.73,102.01,103.15,10355352,102.93,151779,13816.2939,0.38161073825503383,7.332040307383664,3.3227176854805527,102.402,93.2908,0.4800500439113941
2023-07-19,103.9,104.79,102.57,103.06,11189228,103.39,162296,13878.0397,0.38778523489932903,7.366429646025765,3.369651404108875,102.566,93.42040000000001,0.48306148683115663
2023-07-20,98.55,100.45,97.05,97.86,22810237,98.41,311772,13209.574299999998,0.3209395973154363,7.35732375879972,2.696945336443513,102.487,93.5267,0.48708484618211945
2023-07-21,97.88,97.99,96.33,97.25,15381226,97.21,204866,13048.498299999997,0.30483221476510064,7.341710319807795,2.539231212882833,102.145,93.6217,0.4909870667504819
2023-07-24,97.27,98.26,96.78,98.25,9054914,97.75,129634,13120.982499999998,0.3120805369127517,7.328788526615778,2.617390299956955,101.928,93.7235,0.4948694659038269
2023-07-25,99.52,100.89,99.11,100.32,9197662,100.4,124722,13476.692,0.3476510067114095,7.332822135278182,2.9773393650126656,101.874,93.83850000000001,0.49900428682373416
2023-07-26,99.49,100.13,98.57,99.41,8993547,99.28,136514,13326.354399999998,0.3326174496644296,7.3284802224486105,2.826274939864614,101.422,93.9474,0.503434037839748
2023-07-27,101.5,101.76,98.9,99.35,8049784,100.39,119854,13475.349699999999,0.34751677852349006,7.3316028560960875,2.976470551982387,100.976,94.06040000000002,0.5071300586125415
2023-07-28,100.11,100.99,99.78,100.86,6766298,100.6,106178,13503.537999999999,0.35033557046979874,7.3358446865942115,3.003376017524278,100.43299999999999,94.1632,0.5101157689518379
2023-07-31,99.18,99.78,98.42,99.15,8654145,98.98,121407,13286.0854,0.32859060402684587,7.328760568372474,2.7852322107628913,99.934,94.263,0.5127559568260488
2023-08-01,99.14,99.19,98.08,98.4,6439692,98.5,101405,13221.654999999999,0.3221476510067115,7.31880899500484,2.7234349213928053,99.491,94.34620000000001,0.5151439933703681
2023-08-02,97.5,97.5,95.21,95.7,9827891,95.92,150393,12875.3416,0.2875167785234901,7.298098602519176,2.377646691976765,98.744,94.4103,0.5161282825318255
2023-08-03,94.84,95.8,94.58,94.98,8603707,95.01,134368,12753.1923,0.27530201342281907,7.275302831670774,2.2600158894312314,98.404,94.4817,0.5169465244149526
2023-08-04,95.28,97.58,95.13,96.16,7562649,96.33,111441,12930.3759,0.293020134228188,7.256201268479616,2.447878627231309,98.316,94.56560000000002,0.5177833111050316
2023-08-07,96.73,96.94,95.22,96.35,6601403,95.95,96035,12879.368499999999,0.2879194630872484,7.236076328706243,2.4021720073685002,98.136,94.6365,0.5185375696883008
2023-08-08,94.88,94.9,93.67,94.49,7659012,94.23,105259,12648.4929,0.2648322147651008,7.212595388735632,2.171520674022666,97.519,94.7166,0.5189106476403261
2023-08-09,95.83,95.85,93.71,93.98,6424062,94.28,93473,12655.204399999999,0.2655033557046981,7.189404156369294,2.185480139696974,97.01899999999999,94.7782,0.5192358599454164
2023-08-10,95.45,95.97,94.28,94.8,7459584,94.98,88462,12749.1654,0.2748993288590606,7.1675475066698535,2.289806936714029,96.478,94.83279999999999,0.5197930477258701
2023-08-11,93.5,93.5,91.97,91.99,10658398,92.41,144785,12404.1943,0.24040268456375852,7.144046466996166,1.9375993792801023,95.659,94.86049999999999,0.5195203988574687
2023-08-14,91.69,93.29,91.3,93.07,7489675,92.76,111598,12451.174799999999,0.2451006711409397,7.120671735615,1.9931125218166246,95.037,94.86779999999999,0.5194419889615538
2023-08-15,92.52,92.71,91.49,91.68,6069500,91.81,97038,12323.656299999999,0.23234899328859068,7.098062799146552,1.8656217019652441,94.36800000000001,94.8458,0.5189149202736159
2023-08-16,91.44,92.72,91.32,91.78,7439502,92.03,104840,12353.186899999999,0.23530201342281887,7.075472260189734,1.9026715821848155,93.979,94.8188,0.5184877694585601
2023-08-17,92.92,92.92,91.35,91.64,7712486,91.97,99809,12345.1331,0.23449664429530212,7.053144517368405,1.9001879185938617,93.675,94.81,0.5180429094105463
2023-08-18,90.07,91.33,89.56,91.1,9066167,90.54,130313,12153.1842,0.21530201342281896,7.033130197437186,1.7022719136299498,93.096,94.8041,0.5164871378483931
2023-08-21,90.5,92.9,90.5,92.56,8618303,91.92,104654,12338.4216,0.23382550335570487,7.011246709646791,1.9044116621411313,92.69300000000001,94.8183,0.5158375623859408
2023-08-22,93.35,93.49,91.8,92.24,7060063,92.43,96161,12406.8789,0.2406711409395975,6.9892499324827755,1.9833744870925953,92.513,94.8159,0.5154856997244003
2023-08-23,93.79,95.1,93.24,94.22,10362581,94.46,125633,12679.365799999998,0.2679194630872483,6.968507179152534,2.280588882443066,92.531,94.83319999999999,0.5165908227196603
2023-08-24,96.53,96.78,92.47,92.53,12254419,93.53,150742,12554.5319,0.25543624161073847,6.94702240955562,2.1537716618589506,92.386,94.8418,0.5170963484032313
2023-08-25,92.25,93.41,91.4,93.1,10355952,92.58,121330,12427.013399999998,0.24268456375838926,6.925587555814951,2.0232651579481917,92.403,94.8409,0.5168769054621979
2023-08-28,93.82,94.15,93.25,94.0,5151779,93.76,75176,12585.4048,0.25852348993288615,6.904654405650525,2.2002983940176852,92.503,94.854,0.5174175257956968
2023-08-29,93.77,95.62,93.51,95.08,8910319,94.99,98304,12750.507699999998,0.2750335570469799,6.885525193580099,2.3850468247958387,92.821,94.9026,0.518673702741345
2023-08-30,95.45,95.92,94.63,94.78,6073414,95.09,93141,12763.930699999999,0.2763758389261746,6.8667401652116835,2.4061344397018747,93.127,94.9501,0.5198395955703822
2023-08-31,93.34,94.4,93.27,93.57,8661169,93.76,103098,12585.4048,0.25852348993288615,6.846342564806502,2.2190388307613644,93.30600000000001,95.0083,0.5203135221819039
2023-09-01,94.3,94.58,93.09,93.19,7057128,93.47,100389,12546.478099999998,0.2546308724832215,6.825948421481291,2.1831837980349165,93.599,95.0509,0.5205888971652558
2023-09-05,93.4,95.05,92.87,94.6,6396488,94.32,98944,12660.573599999998,0.26604026845637585,6.8064577619659605,2.3143168665532285,93.839,95.1164,0.5209573006110496
2023-09-06,93.85,93.96,91.59,92.26,7933713,92.48,114961,12413.5904,0.24134228187919474,6.786376590082177,2.0500335952961772,93.84400000000001,95.17110000000001,0.5208157941318492
2023-09-07,90.07,90.29,88.43,90.05,14684446,89.48,180110,12010.9004,0.20107382550335595,6.77150858911153,1.6115020539952922,93.346,95.1925,0.5187483323407036
2023-09-08,90.75,91.07,89.32,89.64,5822265,89.89,89550,12065.9347,0.20657718120805385,6.755587612301975,1.6759904022829921,92.982,95.2151,0.5174841323543284
2023-09-11,90.1,90.39,89.16,89.6,7268572,89.65,105187,12033.7195,0.2033557046979867,6.7404110678122775,1.6441578842159466,92.689,95.23199999999999,0.5168165931312094
2023-09-12,90.46,91.57,90.42,90.48,8242642,90.92,106085,12204.1916,0.22040268456375858,6.722522264075474,1.8374502180542436,92.405,95.2724,0.5165647552949282
2023-09-13,90.6,91.88,90.48,91.22,5757807,91.3,89075,12255.198999999999,0.22550335570469807,6.704208323238406,1.8991504121175273,92.036,95.2851,0.516304468497477
2023-09-14,92.78,92.93,91.26,91.47,6506310,91.73,97762,12312.9179,0.23127516778523513,6.685556014332618,1.9687666922216203,91.7,95.3415,0.516133304906685
2023-09-15,90.51,91.14,88.86,89.25,19940492,89.47,159785,12009.558099999998,0.20093959731543626,6.67134780358777,1.6341975146516647,91.27099999999999,95.3902,0.5145054586744143
2023-09-18,88.54,89.66,88.43,88.83,6647388,88.98,93237,11943.785399999999,0.1943624161073826,6.658703448108492,1.563712828051797,90.822,95.45360000000001,0.5116378123525801
2023-09-19,88.45,88.84,87.79,88.17,7175404,88.18,95937,11836.4014,0.18362416107382576,6.648945301134248,1.4456879346503617,90.208,95.51619999999998,0.507280264777468
2023-09-20,88.52,89.32,87.29,87.29,6932197,88.1,86965,11825.662999999999,0.18255033557046985,6.639493072897403,1.4356969568823108,89.77000000000001,95.5652,0.5026599086362559
2023-09-21,86.04,86.14,85.35,85.36,10660422,85.69,121453,11502.168699999998,0.1502013422818792,6.641776176567472,1.0723486926776946,89.39099999999999,95.58059999999999,0.494048749438377
2023-09-22,86.25,86.77,85.45,85.64,7970526,86.0,90734,11543.779999999999,0.1543624161073826,6.642046929085323,1.118977339267835,89.002,95.59870000000001,0.4859384154060285
2023-09-25,85.39,86.24,85.02,86.24,8758022,85.81,92816,11518.2763,0.1518120805369129,6.643170068801605,1.090187354078453,88.61800000000001,95.62549999999999,0.47773179939595994
2023-09-26,84.95,85.23,84.02,84.29,8866134,84.5,100693,11342.435,0.13422818791946323,6.652081582251546,0.8917960380744577,87.976,95.64129999999999,0.46689112397987304
2023-09-27,85.17,85.56,84.1,85.44,7858373,85.02,83699,11412.234599999998,0.14120805369127515,6.657288897453652,0.9692083518364252,87.348,95.65979999999999,0.4567852559441786
2023-09-28,85.25,87.13,84.98,86.41,6647723,86.36,85562,11592.102799999999,0.15919463087248328,6.654765388811383,1.1709353440319832,86.81099999999999,95.67650000000002,0.4476232986860388
2023-09-29,87.75,88.03,86.7,86.9,7338288,87.07,82147,11687.406099999998,0.1687248322147651,6.648791384170517,1.2787737663483192,86.571,95.6959,0.4396900937086553
2023-10-02,87.18,88.42,87.02,87.65,6305021,87.67,79917,11767.944099999999,0.17677852348993295,6.640290669439856,1.3707683071602375,86.44,95.7251,0.43306807307012235
2023-10-03,87.0,87.32,85.06,85.41,8201668,85.9,91566,11530.357,0.1530201342281881,6.6397830229377135,1.1042981336392965,86.212,95.7367,0.4234106860291369
2023-10-04,85.47,86.76,85.38,86.67,7645481,86.22,89784,11573.310599999999,0.15731543624161082,6.637485744766181,1.152891364931973,86.02399999999999,95.76729999999999,0.4139230841720882
2023-10-05,86.83,87.94,86.53,87.03,6651679,87.16,77168,11699.486799999999,0.16993288590604033,6.630820377693427,1.2958125104557394,86.171,95.80509999999998,0.4063972925734081
2023-10-06,88.09,90.02,87.38,89.29,9777118,89.1,112847,11959.892999999998,0.1959731543624161,6.617640271203409,1.5915491879833934,86.481,95.84729999999999,0.40175459602137176
2023-10-09,88.8,89.34,88.04,88.99,4781316,88.81,70565,11920.9663,0.19208053691275187,6.605300476653111,1.550618330869597,86.781,95.87349999999998,0.3968901777872657
2023-10-10,89.27,90.66,89.14,90.61,7182943,90.26,83062,12115.5998,0.21154362416107403,6.589844400094454,1.7742907556106198,87.357,95.87269999999998,0.3941831195634885
2023-10-11,91.26,92.01,90.63,92.0,8051727,91.47,93461,12278.0181,0.22778523489932898,6.573120645866181,1.9628880550236387,88.002,95.8635,0.39315049905900556
2023-10-12,92.51,93.44,91.84,92.42,8832784,92.69,105413,12441.778699999999,0.24416107382550345,6.556299147679809,2.154004825267574,88.635,95.868,0.3936315623497526
2023-10-13,92.75,92.94,90.2,90.46,7986463,91.0,91185,12214.929999999998,0.22147651006711414,6.540226940214207,1.900897340970985,89.02799999999999,95.8608,0.39204823106207665
2023-10-16,90.48,91.9,90.43,91.22,8791813,91.27,86553,12251.172099999998,0.2251006711409396,6.5240261963055,1.947003218226375,89.388,95.866,0.3908134162979398
2023-10-17,89.81,91.7,88.52,91.0,7997066,90.4,100287,12134.392,0.2134228187919465,6.508933479055514,1.8178554194898515,89.838,95.8641,0.38869876250506225
2023-10-18,88.88,90.01,88.58,89.6,9972923,89.45,113636,12006.8735,0.20067114093959748,6.495678482246756,1.6753138305324458,90.161,95.7585,0.385286307490004
2023-10-19,93.09,94.76,92.36,92.91,22751595,93.35,236504,12530.370499999999,0.25302013422818803,6.479856416933905,2.281269683903672,90.78,95.6603,0.38645090052478603
2023-10-20,92.0,94.32,91.09,91.31,12197289,91.99,130715,12347.817699999998,0.23476510067114092,6.4637512363423975,2.0765495931423215,91.069,95.54950000000001,0.3861076626596492
2023-10-23,89.98,92.26,89.16,91.11,8227866,91.13,99356,12232.379899999998,0.22322147651006713,6.448242763449586,1.9481741709860176,91.301,95.47229999999999,0.38468536852399154
2023-10-24,91.2,92.0,90.86,91.64,7374762,91.56,96521,12290.0988,0.2289932885906042,6.4325386639482645,2.0197779879375615,91.431,95.3934,0.38375033808368164
2023-10-25,90.8,90.85,86.68,87.64,13019070,88.31,138821,11853.8513,0.18536912751677875,6.422732516572334,1.516846603040422,91.115,95.28229999999999,0.3777121172743992
2023-10-26,87.12,88.14,86.54,87.45,9377296,87.35,115606,11724.990499999998,0.17248322147651007,6.416166211523455,1.3687768848984851,90.581,95.1751,0.36937454016113574
2023-10-27,87.54,87.78,85.89,85.99,12480129,86.38,138621,11594.7874,0.15946308724832226,6.413493317890323,1.2181037092855045,90.119,95.04449999999999,0.3589986553292831
2023-10-30,87.31,88.3,86.0,86.06,9785499,86.62,113736,11627.0026,0.16268456375838944,6.4096945745285065,1.2562689074139428,89.65400000000001,94.90090000000001,0.34898178735015545
2023-10-31,86.15,86.43,84.95,86.31,9004922,85.9,111859,11530.357,0.1530201342281881,6.409000910886598,1.1440628737538567,89.204,94.7624,0.33730797481654023
2023-11-01,86.47,87.87,86.34,87.8,9508804,87.3,101751,11718.278999999999,0.1718120805369128,6.402399130419729,1.3639105938444551,88.989,94.6026,0.3284021004887969
2023-11-02,90.4,91.05,89.46,90.48,11032583,90.36,126533,12129.022799999999,0.21288590604026852,6.388293668962211,1.845923279528205,88.69,94.4408,0.3254749508701981
2023-11-03,91.65,92.45,90.84,91.79,9226706,91.87,102900,12331.7101,0.2331543624161076,6.373160185515962,2.087237667465449,88.678,94.2793,0.32508322897794384
2023-11-06,92.0,92.61,91.29,92.6,8402708,92.13,88679,12366.609899999998,0.2366442953020134,6.358111451137539,2.1330705043827964,88.77799999999999,94.1338,0.3251057175774688
2023-11-07,92.25,93.05,91.75,92.41,6241257,92.44,73064,12408.221199999998,0.2408053691275168,6.3432073676568095,2.186953570323594,88.86600000000001,94.001,0.32564522403727125
2023-11-08,93.33,93.44,91.93,92.0,6537666,92.35,72650,12396.140499999998,0.23959731543624158,6.328389264282565,2.1778527559591345,89.27,93.87640000000002,0.3260362694753845
2023-11-09,92.63,93.37,91.6,91.62,8166021,92.43,85373,12406.8789,0.2406711409395975,6.31369043610084,2.1955938670570885,89.77799999999999,93.76119999999999,0.3265655888866578
2023-11-10,94.04,97.75,93.61,97.44,19281869,96.49,197605,12951.852699999998,0.2951677852348993,6.306039348978507,2.8420850248743132,90.789,93.70299999999999,0.3329899374180673
2023-11-13,97.01,97.18,95.72,96.42,9526286,96.51,116857,12954.5373,0.29543624161073845,6.29844932376802,2.848685299775674,91.77799999999999,93.63889999999999,0.33851542303069276
2023-11-14,98.0,99.69,97.95,98.91,13864244,98.94,146782,13280.716199999999,0.32805369127516787,6.300663860843903,3.233357698480894,93.082,93.6129,0.34558279304267775
2023-11-15,99.95,100.7,98.42,98.8,10422887,99.11,117841,13303.5353,0.33033557046979883,6.303544502906635,3.258849047631488,94.263,93.5913,0.35232801477070563
2023-11-16,98.24,99.1,97.91,98.54,8441545,98.56,99087,13229.708799999999,0.3229530201342283,6.303632288840157,3.1715523818535565,95.083,93.5618,0.3584869500034871
2023-11-17,98.94,99.72,98.32,99.58,7247710,99.16,89884,13310.246799999999,0.3310067114093961,6.306422814003228,3.2652901030161474,95.812,93.5439,0.36575643963999827
2023-11-20,99.9,100.59,99.54,99.96,6452894,99.99,73440,13421.657699999998,0.3421476510067114,6.313335492895411,3.3931825774358324,96.598,93.5368,0.374057779705559
2023-11-21,100.0,100.15,98.24,98.41,10112622,98.74,122738,13253.870199999998,0.3253691275167785,6.3137653156545674,3.1949714617969835,97.228,93.51289999999999,0.381774494435553
2023-11-22,98.72,99.65,97.95,98.65,7336466,98.72,84752,13251.185599999999,0.3251006711409397,6.313972343459239,3.1916991243834194,97.86500000000001,93.4718,0.38941099026897275
2023-11-24,98.48,98.72,97.47,97.83,4297621,97.93,57029,13145.1439,0.31449664429530216,6.310756198075129,3.068142611166909,98.41499999999999,93.43360000000001,0.3964799126873158
2023-11-27,97.42,97.55,96.42,97.21,6839296,97.0,86836,13020.31,0.3020134228187921,6.3041803755134875,2.923821797928591,98.466,93.41160000000002,0.4023758677001317
2023-11-28,97.87,98.25,97.24,97.98,6358143,97.73,80171,13118.2979,0.3118120805369129,6.3001051204370375,3.0415841694194934,98.588,93.3826,0.4083787192948257
2023-11-29,99.0,99.73,98.6,98.88,7091122,99.06,82149,13296.8238,0.3296644295302016,6.301466362918299,3.2519891117072803,98.6,93.374,0.41650370034266637
2023-11-30,98.92,98.98,96.9,97.31,9681363,97.49,115715,13086.082699999999,0.30859060402684574,6.296395194356539,3.005259265962219,98.438,93.33949999999999,0.42387543363796865
2023-12-01,97.7,98.78,97.02,98.55,7500388,98.08,93902,13165.2784,0.3165100671140941,6.293437101574734,3.1004202767224984,98.39,93.28229999999999,0.4325983130165931
2023-12-04,97.05,97.2,95.25,97.01,10619352,96.49,120554,12951.852699999998,0.2951677852348993,6.285214389858269,2.8515017767602533,98.123,93.19869999999999,0.43895615111660935
2023-12-05,96.46,97.02,95.88,96.69,8009587,96.59,84227,12965.2757,0.29651006711409417,6.277279493422107,2.8710367315786014,97.78299999999999,93.10430000000001,0.4459900542130419
2023-12-06,97.8,98.57,97.44,97.85,11262266,97.86,111777,13135.7478,0.3135570469798659,6.273399177772871,3.0752546511553196,97.695,93.0432,0.4546341912654385
2023-12-07,97.96,99.64,97.89,99.29,11356268,99.05,118620,13295.481499999998,0.3295302013422819,6.2742161835522205,3.264519328118476,97.72800000000001,93.00439999999999,0.4643492672194624
2023-12-08,99.12,100.37,98.94,100.35,10572458,99.84,114580,13401.5232,0.34013422818791966,6.278555606432513,3.3880881740071005,97.91900000000001,92.96889999999999,0.47502687319083764
2023-12-11,99.57,101.21,99.37,100.95,9482773,100.64,109720,13508.9072,0.3508724832214767,6.286792728284437,3.510899906194798,98.283,92.9912,0.4863280569179602
2023-12-12,100.15,101.65,99.95,101.6,7378574,100.99,101263,13555.887699999997,0.3555704697986577,6.296673260786536,3.5609756249602698,98.609,93.029,0.4963013921150672
2023-12-13,101.4,102.68,100.9,102.12,8988814,101.76,108867,13659.2448,0.36590604026845663,6.310692770799759,3.675079875115008,98.879,93.06909999999999,0.5066581613103448
2023-12-14,103.35,103.81,102.8,103.45,10074499,103.38,118178,13876.6974,0.3876510067114095,6.3348226597989035,3.9168105142800647,99.468,93.0989,0.5194195190251362
2023-12-15,103.5,104.76,102.39,102.54,16370986,103.09,121531,13837.7707,0.3837583892617451,6.356376238051669,3.857905681101789,99.969,93.137,0.5318219326256849
2023-12-18,102.84,103.31,102.08,102.93,5660567,102.8,82502,13798.844,0.3798657718120807,6.375493002640156,3.8008511639751017,100.6,93.16109999999999,0.5437766031154241
2023-12-19,103.24,103.98,103.09,103.87,8498473,103.64,82173,13911.597199999998,0.3911409395973155,6.399726121416423,3.9177145278290126,101.305,93.19150000000002,0.5567499331416079
2023-12-20,102.7,103.08,99.94,100.04,10814080,101.31,128144,13598.8413,0.35986577181208074,6.409133601632754,3.548420334724534,101.65,93.2148,0.5680338461360845
2023-12-21,101.3,102.72,101.16,102.55,9068244,102.18,100221,13715.6214,0.37154362416107406,6.423133433773791,3.6761341241710723,101.963,93.2516,0.5804353329243822
2023-12-22,102.93,103.59,102.7,103.15,5566576,103.22,73853,13855.220599999999,0.38550335570469807,6.4431482457265625,3.826126461757363,102.301,93.32459999999999,0.5936208506336318
2023-12-26,103.61,104.96,103.57,104.45,6407484,104.54,78890,14032.404199999999,0.40322147651006723,6.471642829534897,4.013246819102732,102.69099999999999,93.4199,0.6047617789556582
2023-12-27,105.05,105.37,104.08,104.65,5889724,104.64,70021,14045.8272,0.40456375838926195,6.5001661540331135,4.011020546578341,103.056,93.50299999999999,0.6163732631962445
2023-12-28,105.0,105.52,104.7,104.7,5335145,105.01,72888,14095.4923,0.4095302013422821,6.530669795836515,4.048941506253714,103.381,93.59360000000001,0.6282219666049744
2023-12-29,104.72,104.97,103.67,104.0,4409641,104.25,61859,13993.477499999999,0.39932885906040283,6.555129427068718,3.9178936565230233,103.468,93.69380000000001,0.6392549470091031
2024-01-02,102.25,102.62,100.59,101.53,9020864,101.54,120754,13629.7142,0.3629530201342284,6.563095587756106,3.500223285313154,103.31300000000002,93.76639999999999,0.6475819180534612
2024-01-03,100.34,101.25,99.66,100.17,6594201,100.21,97204,13451.188299999998,0.3451006711409396,6.564690476286962,3.296773865908295,103.054,93.8187,0.654491344273968
2024-01-04,99.53,100.44,99.12,99.13,7996713,99.66,92681,13377.361799999999,0.3377181208053692,6.563950487827441,3.213354524705006,102.65599999999999,93.89120000000001,0.6628439102951332
2024-01-05,99.0,100.64,98.8,99.61,7347316,99.68,86742,13380.0464,0.33798657718120817,6.56319634991472,3.216771047886487,102.49300000000001,93.9604,0.6713592860832953
2024-01-08,100.63,102.79,100.5,102.24,12455556,102.17,141562,13714.2791,0.37140939597315453,6.5736556705138325,3.5904375256325296,102.492,94.064,0.6815147507595749
2024-01-09,101.05,101.96,100.21,101.89,7763961,101.26,94530,13592.129799999999,0.3591946308724833,6.579320953995633,3.449033746593386,102.296,94.15630000000002,0.6906972846638388
2024-01-10,102.52,102.78,99.98,100.8,6975726,100.88,94149,13541.122399999998,0.3540939597315437,6.583068312643036,3.389346569159596,101.92999999999999,94.24539999999999,0.6992718379915803
2024-01-11,101.7,102.16,99.99,101.22,7857691,101.02,90441,13559.914599999998,0.35597315436241617,6.58727694765715,3.408434194949914,101.56800000000001,94.3502,0.7081270253035397
2024-01-12,100.89,102.38,100.87,101.24,6502211,101.44,86393,13616.291199999998,0.36161073825503354,6.593234231265086,3.4690561866495773,101.211,94.4454,0.7181030822653741
2024-01-16,100.53,102.35,100.2,101.67,11125515,101.51,124755,13625.6873,0.36255033557046995,6.599323251364649,3.4764625289806457,100.937,94.5362,0.7282335623853659
2024-01-17,100.87,103.32,100.0,102.95,17571419,101.7,184131,13651.190999999999,0.3651006711409397,6.606108785300911,3.5016529021549,100.953,94.60860000000001,0.7369103459579636
2024-01-18,111.2,113.39,109.48,113.03,58783719,111.24,496680,14931.745199999998,0.4931543624161074,6.683508655095253,4.888495203053528,102.05600000000001,94.78569999999999,0.7451986639262861
2024-01-19,113.22,115.15,111.02,114.2,37760587,113.73,348921,15265.9779,0.526577181208054,6.785164017722392,5.18223286985522,103.46300000000001,94.99719999999999,0.7527632784629347
2024-01-22,114.78,115.1,112.52,113.03,17755537,113.39,200607,15220.339699999999,0.522013422818792,6.879998931424683,5.061381600067925,104.83399999999999,95.1935,0.7599458387530879
2024-01-23,113.52,114.62,113.16,114.13,11667877,114.02,127267,15304.904599999998,0.5304697986577182,6.978845417949756,5.079966366473129,106.019,95.3838,0.7635027703798188
2024-01-24,115.33,118.85,114.61,116.52,21859177,117.21,230669,15733.098299999998,0.5732885906040269,7.111584691350018,5.433711567409352,107.614,95.605,0.7645216783363193
2024-01-25,118.02,118.84,116.48,116.56,15485264,117.34,169623,15750.5482,0.57503355704698,7.241432082658441,5.354230980478375,109.25999999999999,95.8408,0.7655323447783475
2024-01-26,116.9,118.04,116.3,117.26,10196444,117.16,126377,15726.386799999998,0.5726174496644296,7.364889199643463,5.240038098858042,110.874,96.07770000000001,0.7659971864647596
2024-01-29,117.17,117.87,115.76,116.98,10042237,116.56,129648,15645.8488,0.564563758389262,7.477635457791163,5.080790607465975,112.38600000000001,96.3001,0.7654392601587936
2024-01-30,116.36,118.01,115.56,116.06,11021378,116.41,120004,15625.714299999998,0.5625503355704699,7.585341306660985,4.988872414583251,113.876,96.53939999999999,0.7668623043924239
2024-01-31,113.5,114.74,112.88,112.96,12846186,113.48,148634,15232.420399999999,0.5232214765100672,7.660748619129441,4.557296125449326,115.054,96.77940000000001,0.7698107475707029
2024-02-01,113.8,114.03,112.6,113.39,8807585,113.5,104612,15235.105,0.5234899328859063,7.734409169803223,4.516479440521844,115.28,97.01550000000002,0.7740549162853724
2024-02-02,114.86,115.96,113.92,115.75,10043957,115.31,127022,15478.0613,0.5477852348993291,7.823178402943596,4.696594926964083,115.43799999999999,97.27210000000001,0.7787347926932479
2024-02-05,117.13,119.54,116.58,118.79,13267629,118.26,166682,15874.039799999999,0.5873825503355706,7.939878714314281,4.999106589429539,115.925,97.5455,0.7800245379052942
2024-02-06,120.12,120.99,118.28,119.38,11511859,119.09,150423,15985.4507,0.5985234899328861,8.062156591123772,5.026235789641432,116.43200000000002,97.8234,0.7798372986575259
2024-02-07,120.01,125.0,120.0,124.98,18112529,123.42,200351,16566.6666,0.6566442953020137,8.231623272854018,5.448779482889156,117.053,98.14030000000001,0.7747261084870158
2024-02-08,127.0,134.75,126.11,133.73,33360110,131.27,345227,17620.3721,0.7620134228187923,8.504477461226218,6.197006252327813,118.446,98.5583,0.7574587516194304
2024-02-09,134.5,135.17,130.59,133.11,16619174,132.78,212379,17823.0594,0.782281879194631,8.787978658140318,6.168915755135897,120.00800000000001,98.99629999999999,0.7400370770867998
2024-02-12,133.27,133.51,130.26,130.46,14180266,131.96,182364,17712.9908,0.7712751677852352,9.046510562422638,5.90197730180967,121.548,99.4341,0.7264870226861883
2024-02-13,127.93,129.92,126.48,127.55,14461276,127.83,183252,17158.620899999998,0.7158389261744967,9.238920046407555,5.332040947703071,122.69000000000001,99.83140000000002,0.7178998819624606
2024-02-14,129.63,130.79,127.96,129.27,13069689,129.32,157056,17358.6236,0.7358389261744969,9.44335147844231,5.374394897389915,124.274,100.2677,0.7089350946269073
2024-02-15,130.8,131.13,128.35,129.03,12553979,129.44,143858,17374.7312,0.7374496644295303,9.64202897079145,5.276099061111209,125.86800000000001,100.70209999999999,0.7004972857487908
2024-02-16,127.13,128.64,125.81,126.69,13094065,127.29,162903,17086.1367,0.7085906040268458,9.808448672368826,4.9673808394649015,127.066,101.1169,0.6945927433634791
2024-02-20,126.89,127.06,124.14,125.33,12038783,125.42,161125,16835.1266,0.6834899328859063,9.949377441661014,4.709068509534608,127.78200000000001,101.5261,0.691195490063224
2024-02-21,124.43,125.38,122.91,125.34,11578140,124.41,159010,16699.5543,0.6699328859060405,10.076025693110491,4.5496410386631565,128.314,101.92,0.6886797649309897
2024-02-22,129.69,131.48,129.0,129.07,17014124,130.21,221080,17478.0883,0.7477852348993291,10.26163171991404,5.032562209359084,128.993,102.35849999999999,0.6805771379523804
2024-02-23,130.5,131.0,127.73,129.53,10123345,129.31,149767,17357.2813,0.7357046979865773,10.431145299134231,4.864499395307186,128.79699999999997,102.7809,0.6751646891257131
2024-02-26,130.02,131.23,128.56,130.64,9526723,130.28,134592,17487.484399999998,0.7487248322147652,10.606242614295226,4.875647472961005,128.54699999999997,103.207,0.6686253652540409
2024-02-27,130.77,131.97,128.59,128.59,8851789,129.85,115142,17429.765499999998,0.7429530201342283,10.771331266335388,4.760999242524185,128.33599999999998,103.6465,0.6620442162287126
2024-02-28,128.5,128.58,126.65,127.38,6519095,127.52,100310,17117.009599999998,0.7116778523489933,10.90775693357884,4.48784294498746,128.305,104.05950000000001,0.6567535237252364
2024-02-29,128.03,129.19,127.15,128.67,9369902,128.25,119964,17214.997499999998,0.7214765100671141,11.047679571313392,4.4970801044054385,128.198,104.47040000000001,0.6506100957459686
2024-03-01,130.13,136.65,130.1,133.9,24393047,134.5,307129,18053.934999999998,0.8053691275167786,11.250343244409304,4.971608313176986,128.704,104.9244,0.6387242313139778
2024-03-04,139.94,141.99,137.68,138.26,26544607,139.4,346548,18711.662,0.8711409395973158,11.505320048763085,5.287319235116786,129.91500000000002,105.4303,0.6209212000896716
2024-03-05,137.12,137.43,133.73,134.97,13694693,135.09,205931,18133.130699999998,0.8132885906040269,11.700722144273776,4.830667654787557,130.882,105.8786,0.6088131527209761
2024-03-06,138.8,144.0,138.61,141.57,22292689,141.57,272731,19002.941099999996,0.9002684563758389,11.966434940252308,5.264918107570594,132.598,106.3796,0.5932760697247024
2024-03-07,144.9,151.6,144.15,149.2,34675734,148.67,369649,19955.974099999996,0.9955704697986576,12.316678318472563,5.69165632058932,134.44400000000002,106.9394,0.5734535722964368
2024-03-08,153.9,158.4,144.93,146.37,43834681,151.82,579078,20378.7986,1.0378523489932887,12.69691818422213,5.769297630902833,136.695,107.5476,0.5514068480654519
2024-03-11,143.62,144.4,138.93,139.02,29227113,140.88,365065,18910.322399999997,0.891006711409396,12.92287920357786,4.821858892153686,137.75500000000002,108.0437,0.5426622939853031
2024-03-12,144.52,146.7,140.57,144.4,21218495,144.08,274717,19339.8584,0.9339597315436245,13.178381223742939,4.971194783921495,139.178,108.58050000000001,0.5330178852901958
2024-03-13,143.05,143.23,141.37,142.14,12923058,142.32,193832,19103.613599999997,0.9103355704697986,13.40569466825426,4.75561331043667,140.658,109.1092,0.5245688966064993
2024-03-14,142.61,143.1,139.02,139.62,14961903,140.38,194076,18843.2074,0.8842953020134231,13.605558389892504,4.543165243840333,141.871,109.5795,0.5172597939530539
2024-03-15,135.44,137.7,134.63,136.98,21961713,136.67,221175,18345.214099999997,0.834496644295302,13.763700444233475,4.221415616782241,142.088,110.02629999999999,0.5121344971007353
2024-03-18,140.18,141.54,136.61,136.64,14759745,138.29,190354,18562.666699999998,0.8562416107382551,13.93294450818776,4.2864090906917625,141.977,110.49790000000002,0.508320913295937
2024-03-19,135.3,136.27,133.03,134.87,17341128,134.66,212481,18075.411799999998,0.80751677852349,14.0654469070601,3.9879500715931435,141.934,110.9289,0.5067565781734096
2024-03-20,136.53,137.31,135.01,136.75,12690430,136.3,157622,18295.549,0.8295302013422821,14.208885823753322,4.063112387284264,141.40699999999998,111.40879999999999,0.5050467980514163
2024-03-21,142.55,142.6,139.04,139.45,17809393,140.52,208502,18861.9996,0.8861744966442955,14.387167635670227,4.306080360556932,140.592,111.94049999999999,0.501647121768197
2024-03-22,139.4,141.34,139.11,140.54,9944135,140.62,136333,18875.422599999998,0.8875167785234901,14.561775952704572,4.26131401839587,139.472,112.48290000000001,0.49846720590933496
2024-03-25,140.16,141.68,139.26,140.23,9922244,140.64,141563,18878.107199999995,0.8877852348993287,14.73212314467705,4.213398122620741,139.448,113.0231,0.4958456253845058
2024-03-26,140.61,140.96,138.64,138.84,10781446,139.49,154249,18723.7427,0.8723489932885908,14.88793041352846,4.092059695862134,138.98899999999998,113.559,0.49383747822040874
2024-03-27,138.86,139.28,135.15,136.69,13842815,136.46,195996,18317.0258,0.8316778523489935,15.014693830465937,3.8557096570648737,138.403,114.05060000000002,0.49309325053686565
2024-03-28,135.68,136.8,135.44,136.05,10019364,136.15,132627,18275.4145,0.8275167785234901,15.136190520698767,3.804279545851118,137.98,114.5085,0.49319037378607383
2024-04-01,137.29,142.96,137.05,141.49,14222662,141.13,188545,18943.879899999996,0.8943624161073824,15.296116981038832,4.090077244934287,138.42600000000002,115.0011,0.492340479895598
2024-04-02,140.38,141.04,139.35,140.22,9869172,140.3,147920,18832.469,0.8832214765100675,15.445141395716531,3.996875031336417,138.627,115.48280000000001,0.49148720465327617
2024-04-03,138.58,142.93,138.39,142.0,9707518,141.31,148236,18968.041299999997,0.8967785234899329,15.599220034360311,4.022143406003491,139.292,115.97149999999999,0.4907245737199375
2024-04-04,144.0,146.75,139.43,139.66,15614510,142.88,190221,19178.782399999996,0.9178523489932885,15.763116285424086,4.0799229565709965,139.95,116.47679999999998,0.48964710965957975
2024-04-05,140.0,142.0,138.92,141.36,8263641,140.73,126347,18890.187899999997,0.888993288590604,15.905192969423986,3.908302157634942,139.971,116.95980000000002,0.4892948755923913
2024-04-08,145.24,146.0,142.76,142.79,16307401,143.98,201029,19326.4354,0.9326174496644297,16.071142691509284,4.070171067210955,140.307,117.4347,0.4882440644068527
2024-04-09,146.26,148.17,142.95,145.4,18487980,145.26,231990,19498.249799999998,0.9497986577181209,16.244216391981222,4.10560278136419,140.76899999999998,117.92220000000002,0.48697421869131935
2024-04-10,146.63,148.43,145.26,146.22,18861324,146.76,238690,19699.5948,0.9699328859060404,16.42627521906905,4.151415892559521,141.49599999999998,118.4004,0.4855297702091083
2024-04-11,147.2,147.56,144.13,147.2,11810661,146.06,175113,19605.6338,0.9605369127516781,16.59788203617539,4.066320019198787,142.456,118.8699,0.48418496671895755
2024-04-12,145.0,146.51,142.15,142.52,12016843,143.26,179420,19229.7898,0.9229530201342283,16.742504782619207,3.8639558919020596,143.167,119.3169,0.483148094561891
2024-04-15,145.02,145.48,139.88,140.14,13288203,142.16,178472,19082.136799999997,0.9081879194630872,16.875451870669487,3.7683316860111455,143.26999999999998,119.74690000000001,0.48182562289628633
2024-04-16,137.89,140.54,137.06,139.8,13915394,139.23,189742,18688.842899999996,0.8688590604026845,16.98428598490647,3.571672076995703,143.16299999999998,120.1393,0.4816549411262248
2024-04-17,141.13,142.57,137.36,139.03,18799023,139.57,224558,18734.481099999997,0.8734228187919464,17.09329884242584,3.568784502181126,142.98899999999998,120.5476,0.481573351595744
2024-04-18,132.89,135.13,130.3,132.27,39254935,132.9,479137,17839.166999999998,0.7838926174496644,17.158098798356654,3.1665687812220598,141.99099999999999,120.88939999999998,0.48317703173285864
2024-04-19,129.37,131.55,126.64,127.7,28215173,128.36,363712,17229.7628,0.7229530201342285,17.197847030025134,2.895263570670751,140.754,121.19369999999999,0.4853517297694006
2024-04-22,126.75,130.66,125.78,129.75,18130847,128.65,230404,17268.6895,0.726845637583893,17.23826202569329,2.9052986852939857,139.221,121.51019999999998,0.4874820395372739
2024-04-23,131.36,133.71,130.66,133.43,12554751,132.61,170389,17800.2403,0.7800000000000004,17.298403549904908,3.1241206648978332,137.956,121.859,0.4892065209256075
2024-04-24,136.09,136.29,131.54,132.97,15508229,133.25,171454,17886.1475,0.7885906040268459,17.360982694859675,3.149723777801504,136.60500000000002,122.2009,0.49096716753012215
2024-04-25,130.0,137.84,128.86,136.58,18001298,134.73,244488,18084.807899999996,0.808456375838926,17.43078396200974,3.222018018375147,135.472,122.5733,0.49325996540414396
2024-04-26,136.81,138.74,135.94,138.3,9403524,137.85,137053,18503.605499999998,0.8503355704697987,17.517981942859763,3.3840827210215894,134.931,122.971,0.4953750512739227
2024-04-29,138.0,138.65,135.91,138.5,10001116,137.57,136932,18466.021099999998,0.8465771812080538,17.601823692914753,3.352056072675587,134.472,123.3818,0.4975492105501559
2024-04-30,137.94,139.7,137.26,137.34,10954623,138.31,163418,18565.3513,0.856510067114094,17.688648620960787,3.377437207340203,134.38,123.79899999999999,0.5000051492309445
2024-05-01,137.42,139.43,133.21,134.94,12529429,135.78,180830,18225.749399999997,0.8225503355704697,17.758891140706975,3.2216144322692393,134.001,124.1782,0.5028047826527758
2024-05-02,135.6,136.74,133.22,136.23,9210661,135.48,140152,18185.480399999997,0.8185234899328858,17.82617874457334,3.1926247804132,134.259,124.5425,0.5054418458825142
2024-05-03,138.9,142.11,138.76,141.56,13211206,140.95,185436,18919.718499999995,0.891946308724832,17.925057135901593,3.480173007373915,135.518,124.95360000000001,0.5071817919991364
2024-05-06,140.47,142.83,139.81,142.83,8588464,141.75,132434,19027.102499999997,0.9026845637583892,18.027222609457898,3.504827192118414,136.828,125.3647,0.5084736476944774
2024-05-07,141.87,142.29,140.51,141.11,8655426,141.49,131633,18992.202699999998,0.8991946308724833,18.125792142625777,3.471423455862533,137.716,125.7697,0.5098041157960422
2024-05-08,141.11,144.26,140.8,143.6,10194930,142.91,142012,19182.809299999997,0.918255033557047,18.231646169424526,3.52915471274917,138.682,126.18119999999999,0.5110777763467177
2024-05-09,142.94,143.35,141.13,142.79,8004068,142.33,117328,19104.9559,0.9104697986577185,18.33177570264569,3.478239153384231,139.442,126.5707,0.5125378242304849
2024-05-10,147.22,150.5,146.93,149.26,23579071,149.25,288901,20033.8275,1.0033557046979868,18.47740292668196,3.8253373745469625,140.582,127.03229999999999,0.5129325081917975
2024-05-13,148.02,148.44,146.3,146.41,8267942,147.12,130220,19747.9176,0.9747651006711413,18.604885738876646,3.684639667351115,141.53699999999998,127.47550000000001,0.5133815139947214
2024-05-14,146.49,152.01,146.25,151.95,12219375,150.13,166683,20151.9499,1.0151677852348997,18.75124456122183,3.8164026801715907,142.719,127.9404,0.5136613453167126
2024-05-15,153.36,156.0,152.73,155.58,14012964,154.9,197202,20792.227,1.0791946308724834,18.930844129463164,4.032165680409337,144.63100000000003,128.47629999999998,0.513477180915643
2024-05-16,154.1,155.06,152.21,152.23,13372864,153.59,158491,20616.3857,1.0616107382550337,19.096415302921045,3.9286064326703394,146.442,128.9904,0.5141011451318536
2024-05-17,154.0,154.0,150.84,151.68,7695568,152.29,126599,20441.8867,1.0441610738255036,19.248854300752466,3.829957817131902,147.576,129.4811,0.515184134450698
2024-05-20,151.67,154.24,150.82,153.55,9240985,153.33,131063,20581.4859,1.0581208053691278,19.405809825923676,3.8525730526394777,148.734,129.969,0.5161806225098413
2024-05-21,152.3,153.99,151.95,153.67,7900874,153.22,115319,20566.720599999997,1.0566442953020134,19.55876550236273,3.816820647038374,149.90699999999998,130.4548,0.5174191249304035
2024-05-22,155.88,157.23,154.54,156.15,13435065,156.21,172790,20968.0683,1.0967785234899332,19.730743705802677,3.935092420118249,151.237,130.9668,0.5176822656832681
2024-05-23,159.18,160.78,155.86,157.09,20792964,158.22,283954,21237.8706,1.123758389261745,19.914490694942906,3.9997156452626164,152.826,131.5065,0.5081732382344839
2024-05-24,157.2,160.66,156.71,160.0,11857189,159.47,164026,21405.658099999997,1.1405369127516778,20.104025089947932,4.024184193863312,153.848,132.0858,0.49863661191366043
2024-05-28,159.68,160.38,157.6,159.41,13961266,159.22,208166,21372.100599999998,1.1371812080536914,20.287580534119527,3.975451871373198,155.05800000000002,132.6759,0.4896544260656114
2024-05-29,156.75,156.88,153.21,154.34,15722763,154.6,207044,20751.958,1.0751677852348995,20.43371613398854,3.720923766457301,155.505,133.2253,0.4826757570992663
2024-05-30,153.59,154.05,151.89,152.96,9706247,153.12,160897,20553.297599999998,1.0553020134228188,20.567010840688912,3.624848578020332,155.327,133.75969999999998,0.47643959216278653
2024-05-31,151.48,152.5,147.81,151.04,13277433,150.14,193326,20153.292199999996,1.0153020134228188,20.678775468702575,3.461147886069219,154.982,134.2394,0.47130338924389636
2024-06-03,155.12,157.15,152.46,154.95,12898537,154.4,188559,20725.112,1.0724832214765105,20.815797238016533,3.643016845951262,155.193,134.7708,0.4651190211200971
2024-06-04,153.4,153.79,150.99,152.47,9888562,152.13,150710,20420.4099,1.042013422818792,20.935591845846076,3.5137435111296256,155.07299999999998,135.2833,0.45981137677353495
2024-06-05,158.59,163.73,157.95,162.92,23179265,161.81,274179,21719.756299999997,1.1719463087248323,21.119672771517887,3.9414578483555385,155.93200000000002,135.8912,0.45183079591625114
2024-06-06,164.52,164.7,160.36,162.07,14757849,162.69,206057,21837.878699999997,1.1837583892617451,21.30653087168849,3.9481931857700614,156.57999999999998,136.50369999999998,0.4439404427539204
2024-06-07,163.57,166.12,161.96,164.39,14003930,164.5,196351,22080.835,1.208053691275168,21.503151063579185,3.996265465741308,157.208,137.1336,0.4358589680894454
2024-06-10,164.0,169.84,162.42,168.16,12416350,167.47,196477,22479.498099999997,1.2479194630872483,21.718555663906194,4.093379936297771,158.00799999999998,137.79129999999998,0.4272561449980732
2024-06-11,168.18,168.4,163.79,165.71,11485982,165.6,179182,22228.487999999998,1.222818791946309,21.91502581030549,3.9713528404366847,158.64600000000002,138.3349,0.4196297064511727
2024-06-12,173.36,176.06,171.54,172.98,20163793,173.83,289471,23333.2009,1.3332885906040273,22.172735671425926,4.296371066325605,160.56900000000002,138.9359,0.40993182767211445
2024-06-13,172.95,174.07,170.51,172.91,15520877,172.64,220446,23173.467199999996,1.3173154362416106,22.41475628335993,4.19689149463724,162.52100000000002,139.5284,0.4011272405483659
2024-06-14,172.0,173.64,170.36,172.51,9158307,172.27,147798,23123.8021,1.312348993288591,22.64845856753772,4.137248445433037,164.734,140.11090000000002,0.39289174028988133
2024-06-17,177.84,178.67,173.48,177.24,18120589,176.66,259138,23713.071799999998,1.371275167785235,22.912693744316798,4.281133466654505,166.95999999999998,140.7054,0.38388213155357914
2024-06-18,180.02,184.86,178.99,179.69,27113551,181.57,324696,24372.141099999997,1.4371812080536914,23.212691734804906,4.4373268372645995,169.904,141.3477,0.37402375860131937
2024-06-20,182.58,183.17,173.5,175.38,28358062,177.8,381057,23866.094,1.386577181208054,23.47375720270776,4.2273718324288225,171.503,141.9541,0.3657505448425678
2024-06-21,172.71,177.48,172.21,173.96,20129937,174.37,257705,23405.6851,1.3405369127516782,23.701961533612074,4.041956606171242,172.671,142.53220000000002,0.3587415004346007
2024-06-24,170.43,171.42,167.12,167.81,19644286,168.71,295257,22645.9433,1.264563758389262,23.884269549621806,3.774128399142411,173.092,143.0552,0.35328587222117624
2024-06-25,169.95,172.64,169.01,172.6,13451329,171.08,208023,22964.0684,1.2963758389261748,24.079654926176474,3.8419279796003987,173.45300000000003,143.63119999999998,0.3475759194083421
2024-06-26,172.12,173.69,170.2,172.07,11858760,172.15,165085,23107.694499999998,1.3107382550335571,24.278804166051337,3.854485557029806,174.108,144.21769999999998,0.3418972550114932
2024-06-27,173.79,175.48,171.15,171.63,10765892,172.85,158945,23201.655499999997,1.3201342281879196,24.47901365408882,3.8515563303446925,174.01,144.79309999999998,0.3363274922110516
2024-06-28,172.81,176.82,172.81,173.81,11128696,174.61,170711,23437.9003,1.3437583892617455,24.687850412279644,3.8902657945557264,174.20700000000002,145.3566,0.3306615092167773
2024-07-01,174.24,175.3,170.45,172.33,10680994,172.46,181904,23149.3058,1.3148993288590607,24.877499051299644,3.774185652922169,174.226,145.8903,0.32563926173246915
2024-07-02,171.13,176.71,171.03,175.7,10311861,174.44,160732,23415.081199999997,1.3414765100671142,25.077226139092915,3.823082324505761,174.00400000000002,146.4005,0.3204728226537526
2024-07-03,177.99,182.49,177.88,182.49,11358700,180.25,166770,24194.957499999997,1.4194630872483223,25.31505706942045,4.016672754130505,173.872,146.8903,0.3144795262752873
2024-07-05,184.14,185.08,182.3,183.99,11347767,183.87,198850,24680.8701,1.4680536912751683,25.575509609609387,4.117309942494172,174.47899999999998,147.40120000000002,0.30810702884868835
2024-07-08,190.0,192.8,185.13,186.63,22519671,188.44,308992,25294.301199999998,1.5293959731543627,25.86650168457584,4.247667556278655,175.88600000000002,147.96599999999998,0.3012137584494997
2024-07-09,188.09,188.44,182.5,184.52,19787212,184.8,294446,24805.703999999998,1.480536912751678,26.122657492229326,4.06667277368701,177.495,148.5357,0.2953353860819044
2024-07-10,188.28,191.42,186.7,191.05,19160641,189.54,284354,25441.954199999996,1.5441610738255034,26.410210677712612,4.201871062454216,179.34099999999998,149.1379,0.2889392005835223
2024-07-11,193.09,193.47,183.01,184.5,21065165,186.69,341627,25059.398699999998,1.5059060402684565,26.669545744092293,4.054148542216948,180.79500000000002,149.71040000000002,0.28334722333704077
